dates,1y_yield,log_soma_nb_mbs_long,log_reserves_plus_rrp,share_onrrp,log_gdp,log_gdpdef,TermSpread,EBP
2008-11-01,0.0104,26.74061984111621,27.174157444734384,0.038161911780187394,30.436259348885574,4.4825795716887376,0.033399999999999999,3.111167348
2008-12-01,0.0046999999999999993,26.74061984111621,27.463666986256381,0.029554320841707057,30.423102776475616,4.479850846022102,0.023899999999999998,3.315378438
2009-01-01,0.0041999999999999997,26.755039447047761,27.480430757296048,0,30.41752563176923,4.482051123500331,0.023900000000000001,2.806551501
2009-02-01,0.0060000000000000001,26.832761722214492,27.275773723981001,0,30.42542677886113,4.485118721341866,0.025700000000000001,3.197473304
2009-03-01,0.0061999999999999998,27.061047305920184,27.380120887569294,0,30.423269696143418,4.483292703089031,0.026099999999999998,2.765120692
2009-04-01,0.0051999999999999998,27.372180695423616,27.505117699039392,0,30.424789800002795,4.481211263018831,0.027700000000000002,2.26863334
2009-05-01,0.0047999999999999996,27.558025332755616,27.528766881889791,0,30.420200085716843,4.480019909859257,0.031099999999999999,1.372162367
2009-06-01,0.0048999999999999998,27.641022435580776,27.419929645638479,0,30.415864648715605,4.484244241160945,0.035400000000000001,0.938560468
2009-07-01,0.0045999999999999999,27.746814083824109,27.403492966296515,0,30.418526580673504,4.482713874209919,0.033799999999999997,0.334089462
2009-08-01,0.0044000000000000003,27.845972402086058,27.443124044801408,0,30.423508685541446,4.4828634897221376,0.034200000000000001,0.067151635
2009-09-01,0.0038,27.936019197189975,27.55046160807013,0,30.4293272775774,4.4834640325840045,0.032800000000000003,0.072318327
2009-10-01,0.0034999999999999996,28.006332124640974,27.686171960393395,0,30.432780886849077,4.484873425800547,0.0332,-0.131844665
2009-11-01,0.0028999999999999998,28.049686877424936,27.763451903109036,0,30.43534636741254,4.486565712382337,0.033500000000000002,0.007396902
2009-12-01,0.0034999999999999996,28.096596329198427,27.762584322945866,0.00018411201024013467,30.43551557427703,4.487077520834307,0.035400000000000001,-0.476466519
2010-01-01,0.0032000000000000002,28.139493673404235,27.737540959306219,0,30.438976322375268,4.487750826065338,0.036699999999999997,-0.181661927
2010-02-01,0.0033,28.167628661211481,27.834370039914578,0,30.438098525595436,4.488877959983728,0.035800000000000005,0.018033531
2010-03-01,0.0037000000000000002,28.19739084457197,27.800341860545252,0,30.441067931128195,4.490491663008653,0.035799999999999998,-0.141237573
2010-04-01,0.0041999999999999997,28.220364207858367,27.742025673971458,0,30.442581094582785,4.493115565476173,0.036900000000000002,-0.257657877
2010-05-01,0.0034999999999999996,28.229343336446018,27.736551617138012,0,30.4521782237369,4.494072223371644,0.032600000000000004,-0.117689887
2010-06-01,0.0030000000000000001,28.236624668787673,27.725603758414497,0,30.452242960828784,4.494555325561005,0.030800000000000001,0.064172742
2010-07-01,0.0028000000000000004,28.237656794540516,27.715178423935271,0,30.453793716665377,4.496035557759044,0.028499999999999998,0.201216199
2010-08-01,0.0025000000000000001,28.234177667750551,27.712859134144182,0.00016585581601061478,30.456475191291574,4.496787812661607,0.025400000000000002,-0.268385905
2010-09-01,0.0025000000000000001,28.232938908913845,27.677809277427308,0,30.459799015038907,4.498025709363064,0.024999999999999998,0.024816242
2010-10-01,0.0022000000000000001,28.235103585578173,27.669953325930337,0,30.45960502428418,4.50079351370164,0.0241,0.027921408
2010-11-01,0.0023999999999999998,28.243175679460553,27.66889476835663,0,30.4602351813356,4.502524933160528,0.026200000000000001,-0.105878179
2010-12-01,0.0028000000000000004,28.278960134283206,27.706128588415353,0,30.465936685999154,4.504893446017501,0.0315,-0.392207718
2011-01-01,0.0025999999999999999,28.313870202672796,27.735651365006632,0,30.459706659516474,4.506141628010436,0.032399999999999998,0.014298983
2011-02-01,0.0027000000000000001,28.354279494674991,27.865065041711045,0,30.454676663537164,4.507061641360964,0.034499999999999996,-0.242590374
2011-03-01,0.0023999999999999998,28.395246977827533,27.992492538350824,0.0003761912723624812,30.464258173373413,4.510323825218604,0.033099999999999997,-0.28464757
2011-04-01,0.0023,28.436227761497502,28.054980806672877,0,30.46536409449519,4.512963099994896,0.033999999999999996,-0.231961063
2011-05-01,0.0017000000000000001,28.472010656353593,28.094629338085422,0,30.46688005877266,4.515028573311109,0.031300000000000001,-0.102936128
2011-06-01,0.0017000000000000001,28.506589431657691,28.141635417367549,0.00030876524209565479,30.466648757197323,4.515313249584041,0.029599999999999998,0.013235217
2011-07-01,0.0018,28.524433114138844,28.159647364320044,0,30.464748644839453,4.518100575032126,0.029599999999999998,-0.029957105
2011-08-01,0.0011000000000000001,28.525391911789566,28.141999927960619,0.0001931704062937558,30.467225696902666,4.521397356110135,0.022800000000000001,-0.077294817
2011-09-01,0.001,28.525366398302008,28.127849230050685,0,30.466248222331608,4.521817452483332,0.019699999999999999,0.466137471
2011-10-01,0.0011000000000000001,28.522752213870277,28.125046401016192,0,30.47456317209398,4.521077167406607,0.021299999999999999,-0.06881183
2011-11-01,0.0011000000000000001,28.51159695646826,28.096263428072572,0,30.476065368752565,4.521812879984777,0.019999999999999997,0.535275721
2011-12-01,0.0011000000000000001,28.516102771607851,28.100211914917256,0,30.481087589607682,4.521986280489186,0.019699999999999999,0.313594472
2012-01-01,0.0011000000000000001,28.506788662801103,28.112953316039558,0,30.48570669331798,4.524991678947603,0.019399999999999997,0.220712314
2012-02-01,0.0015,28.509953680633263,28.137778475518584,0,30.487959005279496,4.527453955540798,0.018799999999999997,0.096939601
2012-03-01,0.0018,28.511474907228205,28.105293745013988,0.00033917397135380204,30.483109047777948,4.529984767136475,0.020900000000000002,-0.31444302
2012-04-01,0.0018,28.515123620651408,28.092677503686456,0,30.488486105750752,4.532182572676882,0.019699999999999999,-0.127930573
2012-05-01,0.0019,28.514655424081656,28.074744936153802,0,30.49045741790502,4.531178051222411,0.017100000000000001,-0.04606573
2012-06-01,0.0018,28.518360677915222,28.072753863207254,0,30.49119540017857,4.53143608239121,0.015300000000000003,0.20441541
2012-07-01,0.0018,28.516160132548592,28.090848138722723,0,30.49428464747294,4.532407007004768,0.0143,0.036221115
2012-08-01,0.0018,28.513920510772977,28.089837399533707,0,30.490883441348505,4.537503223572809,0.015799999999999998,-0.170083205
2012-09-01,0.0017000000000000001,28.510758334507383,28.048124897813423,3.9537151743588389e-05,30.489284003779403,4.54128992883486,0.0161,-0.117445678
2012-10-01,0.0017000000000000001,28.514661705890546,28.053408891232621,0,30.49003038080941,4.543261544131324,0.016500000000000001,-0.148993582
2012-11-01,0.0017000000000000001,28.526673229163116,28.067519666616885,0.00076262861279147924,30.492487982565574,4.54156005128365,0.015600000000000001,-0.017482851
2012-12-01,0.0015,28.543435042695528,28.082351479908663,0,30.49540023884877,4.541389219869238,0.016500000000000001,-0.135859201
2013-01-01,0.0014000000000000002,28.567719311756154,28.123825325096721,0,30.498064213843772,4.542846627028431,0.0184,-0.063779191
2013-02-01,0.0015,28.606058000517926,28.181105913646654,0,30.503077428272018,4.548308848070734,0.018799999999999997,0.00150747
2013-03-01,0.0014000000000000002,28.641445790656949,28.225065935445283,0,30.506219052442848,4.546943557509414,0.018699999999999998,-0.065844858
2013-04-01,0.0011999999999999999,28.671275565851804,28.265137248009324,0.00034741467787233703,30.503950822715453,4.546885913156343,0.017000000000000001,-0.091586912
2013-05-01,0.0011000000000000001,28.702432662611095,28.315127551836344,0,30.504342517611896,4.547642418755894,0.018899999999999997,-0.477593276
2013-06-01,0.0014000000000000002,28.731059054541337,28.355133875745373,0,30.507099685062407,4.55003012689211,0.022499999999999999,-0.34645013
2013-07-01,0.0011999999999999999,28.761442682326269,28.395418618016659,0,30.5068057901809,4.5513929008287795,0.025399999999999999,0.008480553
2013-08-01,0.0011999999999999999,28.792399653061373,28.444507174307031,0.0013999728694301429,30.51382301979688,4.553281824173843,0.027,-0.109454356
2013-09-01,0.0011000000000000001,28.813703912856738,28.486736733094105,0.0081416052560264515,30.52015625861168,4.554552461980228,0.027900000000000001,-0.118565645
2013-10-01,0.0011000000000000001,28.845445669930676,28.519674559361416,0.0016665557025150408,30.521515786029944,4.556217829058609,0.025700000000000001,-0.017868531
2013-11-01,0.0011999999999999999,28.874265136940132,28.555966394205697,0.0018361452949755158,30.5231503021787,4.558362955073691,0.026500000000000003,0.023392909
2013-12-01,0.0012999999999999999,28.901347231164486,28.577148891497938,0.013478412886599768,30.522201819910766,4.560467933948897,0.028299999999999999,-0.134867425
2014-01-01,0.0011000000000000001,28.921173396310465,28.597776038578825,0.027762248240852088,30.51426480964778,4.561240622911062,0.028199999999999999,-0.292866512
2014-02-01,0.0011000000000000001,28.941830595851926,28.642293284581744,0.03601041996081162,30.51756948933056,4.561687546254058,0.026599999999999999,-0.188420308
2014-03-01,0.0011999999999999999,28.960554168175406,28.647311120503232,0.031207968655581765,30.524635415547674,4.563482670910658,0.026700000000000002,-0.259681576
2014-04-01,0.001,28.978424117652253,28.673125925911268,0.042423523106527784,30.5263441756605,4.5654228135257116,0.026799999999999997,-0.3425608
2014-05-01,0.00089999999999999998,28.992158681741937,28.688568275362822,0.066300790683290617,30.531446400715968,4.5681838447584555,0.0253,-0.358928476
2014-06-01,0.001,29.000483612663164,28.674519789486407,0.041150894664517795,30.537184874695708,4.5697279759480685,0.025600000000000001,-0.29462793
2014-07-01,0.001,29.010046370997358,28.688912478201171,0.042110705856055836,30.54286822976909,4.571301675313497,0.025099999999999997,-0.310221219
2014-08-01,0.001,29.016374096588862,28.722533417967515,0.045916678609626824,30.543092769503332,4.571690429829482,0.023899999999999998,-0.304324379
2014-09-01,0.001,29.02218659387194,28.724282574723439,0.0567999086170934,30.545284031941595,4.5726541273516075,0.025100000000000001,-0.209250657
2014-10-01,0.001,29.029614977134678,28.699357622962562,0.05161727283267499,30.54317275012247,4.57342859940632,0.022800000000000001,-0.208946809
2014-11-01,0.0011999999999999999,29.035113829971102,28.626948852677167,0.048808023176416214,30.54942751810582,4.572845094811143,0.023100000000000002,0.068194089
2014-12-01,0.002,29.03806608624031,28.644026000253717,0.031941899810184041,30.553752021130563,4.572348737181642,0.021799999999999996,0.086554843
2015-01-01,0.0018,29.039848747742152,28.688664159652259,0.046526277593060189,30.554877506620787,4.569217149520715,0.018499999999999996,-0.040918854
2015-02-01,0.0020999999999999999,29.039165944812762,28.619951929598489,0.049196777536705871,30.557002720186862,4.572602154378026,0.019599999999999999,-0.293370049
2015-03-01,0.0023999999999999998,29.038657482619165,28.670968830328366,0.033993192749558483,30.56138297990602,4.5751519189981495,0.0201,-0.130191709
2015-04-01,0.0022000000000000001,29.036517777125464,28.678745115902526,0.033128509872053583,30.56379179329122,4.576268843840654,0.019200000000000002,0.010819788
2015-05-01,0.0022000000000000001,29.036454219806352,28.642255087565491,0.03902926422715592,30.564456701484307,4.5780259621307895,0.021800000000000003,0.057198008
2015-06-01,0.0025999999999999999,29.037039240940864,28.632162642414293,0.040525881650739379,30.56355033933415,4.579869632428357,0.023400000000000001,0.154680157
2015-07-01,0.0028000000000000004,29.038363700816159,28.648191497540459,0.041968794021186757,30.567741477763068,4.581228532484593,0.022899999999999997,0.215763839
2015-08-01,0.0035999999999999999,29.038403797095214,28.642421557297748,0.030314717284281954,30.567456423396813,4.581193825476758,0.021000000000000001,0.405825947
2015-09-01,0.0034999999999999996,29.039348947495977,28.659008913626639,0.033674610234893321,30.568584195714816,4.579686761011967,0.021500000000000002,0.544938243
2015-10-01,0.0025000000000000001,29.041006429608274,28.682441978430965,0.047459081345529126,30.570256707975826,4.580533583838296,0.020500000000000001,0.431547616
2015-11-01,0.0045000000000000005,29.040363628497357,28.646314341375113,0.036183472887279362,30.569321075846084,4.581218179739655,0.021399999999999999,0.518579153
2015-12-01,0.0063,29.041088691512094,28.595085894167649,0.053820010345051905,30.569733712275344,4.580296414321694,0.020100000000000003,0.687981169
2016-01-01,0.0051999999999999998,29.041341953185032,28.563772612461371,0.039934201944373464,30.577456286240608,4.579583860109155,0.018299999999999997,0.924144259
2016-02-01,0.0051999999999999998,29.041570798919206,28.57352011121386,0.021620591253041044,30.576347678499946,4.578547218131392,0.0147,0.956905823
2016-03-01,0.0064000000000000003,29.042024967545156,28.581931276980754,0.026415165576874365,30.57283733849389,4.581301041629324,0.016,0.591017357
2016-04-01,0.0054000000000000003,29.041522178920388,28.55586567358624,0.013673055705348125,30.577049348370668,4.584789621458118,0.015800000000000002,0.245191513
2016-05-01,0.0056999999999999993,29.039347785873904,28.542754296975275,0.018014735308877761,30.576937103733965,4.586592570088465,0.0154,0.259048247
2016-06-01,0.0054000000000000003,29.038879297630881,28.549280871638672,0.030910041069417304,30.58226966157189,4.5883804236833585,0.013699999999999997,0.06615263
2016-07-01,0.0050000000000000001,29.038768029234358,28.523440890061515,0.028606478189476838,30.584910331027302,4.587308220484565,0.012,0.015588451
2016-08-01,0.0055000000000000005,29.039557870790588,28.545742982995034,0.033084229205850198,30.585651131031792,4.589063253050129,0.0126,-0.010384168
2016-09-01,0.0057999999999999996,29.04007103182628,28.53658753788595,0.059932288771297616,30.58690949645184,4.591052291981309,0.013399999999999999,-0.065607405
2016-10-01,0.0064000000000000003,29.037377384454118,28.484517745614632,0.081667354922789634,30.5892640217106,4.592736308680334,0.0143,-0.064113857
2016-11-01,0.0070999999999999995,29.038166329274659,28.478182066944093,0.05628509114326323,30.58848768728576,4.593875883305978,0.016900000000000002,-0.752725351
2016-12-01,0.0083999999999999995,29.039405437383142,28.480339158861987,0.10382654961276368,30.59628486380437,4.59528918683929,0.019800000000000002,-0.235344144
2017-01-01,0.0080000000000000002,29.038400431321637,28.470465100934735,0.067634570114528253,30.597054968797067,4.598226702330653,0.019200000000000002,-0.187126776
2017-02-01,0.0079000000000000008,29.041283864036114,28.520562624469079,0.053867172595921553,30.594335528146534,4.599518359175975,0.019,-0.173516699
2017-03-01,0.0097999999999999997,29.044277658559221,28.590721367616233,0.08545427441227639,30.597233164571932,4.599408940495849,0.017399999999999999,-0.161834774
2017-04-01,0.0101,29.045306485409192,28.538866665200935,0.054125553233036396,30.600451346554454,4.600891838238054,0.014999999999999999,-0.108480725
2017-05-01,0.0109,29.045137675178179,28.532846878195993,0.07110020515898563,30.60038499873923,4.601575598428702,0.0141,-0.156220275
2017-06-01,0.011699999999999999,29.045526405296407,28.531322016371707,0.077486469783697776,30.604533636323424,4.60252403142911,0.0121,-0.113845574
2017-07-01,0.011899999999999999,29.044562568081268,28.527308977659263,0.062677126589781765,30.608788090708956,4.602955714363096,0.012499999999999997,-0.137932537
2017-08-01,0.012,29.044449351235787,28.556839205013667,0.046250139598422696,30.609178761728064,4.606452921065708,0.011999999999999999,-0.068943009
2017-09-01,0.012500000000000001,29.044303441107786,28.551935402680634,0.061190686449414937,30.610970369906212,4.610941960562198,0.011700000000000002,-0.249547708
2017-10-01,0.013600000000000001,29.044087146413911,28.519937205593695,0.049986449324427758,30.61875387547664,4.611421875980096,0.012899999999999998,-0.204151295
2017-11-01,0.015100000000000001,29.042417176683003,28.518964615694518,0.021326849747571486,30.620490056038882,4.613019011634687,0.0112,-0.121285792
2017-12-01,0.016500000000000001,29.041125138976966,28.517054351931602,0.0476972645353358,30.623311636137586,4.614317242801739,0.010800000000000001,-0.187660282
2018-01-01,0.017500000000000002,29.037951384521222,28.476080493188949,0.020237843241204818,30.62604248403033,4.617570404015038,0.0117,-0.394355351
2018-02-01,0.019,29.034326834923167,28.481556092100547,0.015207338935350026,30.62889954826804,4.619799738531794,0.012899999999999998,-0.236287531
2018-03-01,0.02,29.031074017753991,28.437891189799597,0.0044550291599312272,30.63191379106348,4.6204089758693225,0.011399999999999997,-0.095634063
2018-04-01,0.020799999999999999,29.025888250594189,28.399969317618822,0.0030108097986263262,30.637864096753997,4.624161285128669,0.011099999999999999,-0.278184622
2018-05-01,0.022000000000000002,29.017250224919565,28.368819430487871,0.0022598102830453022,30.629619847913848,4.626752667863179,0.011199999999999998,-0.18982525
2018-06-01,0.022499999999999999,29.010777211598807,28.355565537215757,0.0053739300432925049,30.635245399020555,4.627997992307938,0.010100000000000001,0.034354969
2018-07-01,0.023099999999999999,29.002934185220795,28.333669799618008,0.0022255389706342765,30.637248881460806,4.628697530657871,0.0093000000000000027,-0.119296776
2018-08-01,0.023599999999999999,28.991803239907615,28.312970332664886,0.00082367199955100012,30.642190771352933,4.630578535438204,0.0086000000000000035,-0.088291546
2018-09-01,0.024700000000000003,28.983850209497341,28.296988594311145,0.0043016860431959788,30.64195247926316,4.632561408787942,0.0086999999999999994,-0.169707869
2018-10-01,0.025600000000000001,28.973820590616484,28.272184740001421,0.0015215522998321546,30.639617151174114,4.63446285352043,0.0090000000000000011,0.011548366
2018-11-01,0.026000000000000002,28.962819955737462,28.243989271190799,0.002764068432227883,30.641200863417367,4.634627802134806,0.0079000000000000008,0.155918611
2018-12-01,0.025699999999999997,28.952772555901188,28.199500175435372,0.003216884955063861,30.644821082353957,4.6356492429977445,0.0045999999999999999,0.357229048
2019-01-01,0.025000000000000001,28.943432579563513,28.168866204040064,0.0029276189575153607,30.64562921789064,4.635492343755579,0.0033999999999999968,0.196750194
2019-02-01,0.024700000000000003,28.93233748587339,28.171095417204448,0.0014185185413496482,30.646815676895343,4.637772882031881,0.0028999999999999998,0.088029079
2019-03-01,0.0241,28.923253049727116,28.177454588150884,0.00068458423232862662,30.651861680764746,4.64045379018729,0.0016999999999999967,-0.106053292
2019-04-01,0.023399999999999997,28.913563250733031,28.116573515331769,0.00072147552559887406,30.651686349150737,4.642948502880069,0.0015000000000000013,0.017149981
2019-05-01,0.022700000000000001,28.897564581425087,28.087466225413738,0.0013638499450022421,30.656633952095255,4.64307753635283,0.00050000000000000044,-0.000771
2019-06-01,0.019400000000000001,28.889014098312984,28.107923022255957,0.0060676241472000627,30.660926189227663,4.643163233850733,-0.0010000000000000009,0.028797512
2019-07-01,0.019099999999999999,28.877222029731588,28.092306338713289,0.0047355960315289139,30.661187204498724,4.645484013668022,-0.00040000000000000105,-0.025257189
2019-08-01,0.017299999999999999,28.86899084488202,28.096858664325438,0.0041096708335069954,30.670420753930646,4.646316616622749,-0.0032000000000000015,-0.144735059
2019-09-01,0.017500000000000002,28.866137509746391,28.042404145213983,0.0027193261966705351,30.67251990431989,4.6469049128373685,-0.0018999999999999989,-0.222855569
2019-10-01,0.015700000000000002,28.864419684520655,28.070790998447585,0.003381940090301217,30.671318489036754,4.6476133833642725,0.00059999999999999984,-0.217656809
2019-11-01,0.015300000000000001,28.862164776533795,28.102130219438703,0.0041015488624835195,30.677437378886147,4.649207076380277,0.002700000000000001,-0.160330256
2019-12-01,0.015100000000000001,28.861797352277698,28.164195003658367,0.0035398568829952894,30.675785199243542,4.651196825905552,0.0032000000000000015,-0.270694614
2020-01-01,0.0149,28.859447889737709,28.17288838096033,0.0023348431409523332,30.668592693723408,4.653512205570889,0.0024000000000000011,-0.235989012
2020-02-01,0.0137,28.858960952601993,28.178532359621553,0.0011826502019028949,30.67107265883773,4.655357081415885,-0.00020000000000000052,-0.149597594
2020-03-01,0.0032000000000000002,28.897413283499759,28.396434770553491,0.023481970069540978,30.64492611814542,4.653924972289105,0.0057999999999999996,1.18908321
2020-04-01,0.0018,29.176767295265531,28.729035924553699,0.014878251882830967,30.55161796594201,4.649993277812333,0.0051999999999999998,0.655548038
2020-05-01,0.0016000000000000001,29.284457827491465,28.800308822031194,0.00065175358269964692,30.568429612386232,4.648058395755454,0.0054000000000000003,0.414472667
2020-06-01,0.0018,29.321388204545311,28.744197946074845,0.0001357956050067514,30.617446695057733,4.652774862307168,0.0057000000000000002,0.057092457
2020-07-01,0.0015,29.345847991615837,28.631109248833695,7.8752702985886162e-06,30.64823803036154,4.656769797426152,0.0048999999999999998,-0.155139972
2020-08-01,0.0012999999999999999,29.36140802484973,28.660543504593068,1.0120029502862479e-05,30.657448315343768,4.659817776090288,0.0055000000000000005,-0.280433934
2020-09-01,0.0012999999999999999,29.379458349581419,28.679360508389841,3.8423596347802114e-05,30.65722816057174,4.661586045974315,0.0057000000000000002,0.008452656
2020-10-01,0.0012999999999999999,29.398712807524539,28.687634461129875,4.3040044125977547e-06,30.659772921873603,4.66205305705616,0.0069000000000000008,-0.202160999
2020-11-01,0.0011999999999999999,29.408765201912189,28.741178970982993,4.5281190906073165e-05,30.66230240657647,4.664816499188829,0.0077999999999999996,-0.459277995
2020-12-01,0.001,29.426066945819663,28.773843848197338,0.00019353945272968835,30.674617777652607,4.669934112517711,0.0084000000000000012,-0.488933418
2021-01-01,0.001,29.441072840388784,28.779935541282992,0.00030630344461246274,30.684437171539987,4.674184458721075,0.01,-0.645160715
2021-02-01,0.0007000000000000001,29.462403861501219,28.839127853240615,0.00037095280559181279,30.665650372582977,4.677955690720522,0.012200000000000001,-0.946902057
2021-03-01,0.0007000000000000001,29.485318105627009,28.950133197592884,0.0050263375381239912,30.688108828396718,4.682629876731346,0.015799999999999998,-0.738394606
2021-04-01,0.00059999999999999995,29.502521054853151,29.00644995813364,0.017558042155009019,30.690389883253808,4.68734952644327,0.016199999999999999,-0.478563192
2021-05-01,0.00050000000000000001,29.514186638616398,29.05361929596824,0.066415415631017979,30.69751873291381,4.692914764136913,0.016000000000000004,-0.413890168
2021-06-01,0.0007000000000000001,29.536279136987851,29.132918218397734,0.14300019033372341,30.70103034975203,4.700826002922339,0.014800000000000001,-0.579422711
2021-07-01,0.0007000000000000001,29.559876476774644,29.198024623496114,0.17702826776473204,30.70509532706063,4.706398243350727,0.012699999999999999,-0.551676986
2021-08-01,0.0007000000000000001,29.576003477579345,29.278300933004594,0.20272839570655626,30.706238078403786,4.708950825807485,0.0123,-0.47390932
2021-09-01,0.0007000000000000001,29.595353864849823,29.318176855374499,0.22406891741888671,30.702280829431363,4.711558732971248,0.013300000000000001,-0.644406048
2021-10-01,0.001,29.610362656151409,29.345514513503396,0.256715310062124,30.717279134864917,4.719080720321141,0.015300000000000001,-0.523396255
2021-11-01,0.0017000000000000001,29.629225012322852,29.358330868964646,0.25684822070601709,30.72473531215574,4.726187964544394,0.015100000000000001,-0.449534067
2021-12-01,0.0028000000000000004,29.640154001213155,29.386772733716086,0.27642581566941021,30.72262523997647,4.732783115410185,0.0141,-0.44312942
2022-01-01,0.0053,29.652576626177773,29.328559571994887,0.29107089591380231,30.71689921636829,4.738273055624216,0.0161,-0.348436832
2022-02-01,0.0097000000000000003,29.663792705138288,29.326984370589852,0.30216924573932552,30.718821567980044,4.7444874792398615,0.015999999999999997,-0.214296132
2022-03-01,0.012800000000000001,29.669319908526884,29.338100543826879,0.29714958267603353,30.72127514173828,4.755247201650058,0.016899999999999998,-0.867984595
2022-04-01,0.018100000000000002,29.671589381591829,29.315189648773561,0.32898650691049336,30.720871904242937,4.759605488314717,0.019900000000000001,-0.322768438
2022-05-01,0.019699999999999999,29.671369701293852,29.285429061576991,0.36560018036662129,30.720630946734126,4.767885391312511,0.019199999999999998,-0.122691995
2022-06-01,0.025499999999999998,29.670149361803993,29.315680179342312,0.4011070461571698,30.72019050469176,4.777558995010713,0.016500000000000004,0.069645873
2022-07-01,0.029100000000000001,29.666613527338679,29.327052793998128,0.40232212170859794,30.724505208890708,4.777820674891869,0.0066999999999999976,0.012688492
2022-08-01,0.031600000000000003,29.662889461382981,29.336672499681072,0.39946997147668561,30.726914238441463,4.778625106857814,0.0026999999999999975,-0.031072599
2022-09-01,0.0373,29.658958354117875,29.315418862069063,0.41894947120473391,30.73183923764947,4.781701910739353,0.0039000000000000007,0.023376246
2022-10-01,0.042300000000000004,29.650638307286155,29.29497578331436,0.42128547331180888,30.735520799843002,4.786613830221061,0.0025999999999999981,0.105626871
2022-11-01,0.045100000000000001,29.638918749277828,29.293626152035014,0.40713397122344891,30.736834677512615,4.78922300791407,-0.0025999999999999981,-0.222350227
2022-12-01,0.044699999999999997,29.630951097913282,29.297217398174489,0.41283070896480911,30.73154568119397,4.790731252571261,-0.0063,-0.000515
2023-01-01,0.044900000000000002,29.621253776966174,29.272148345851722,0.41292201485962798,30.738557095316228,4.795248991007035,-0.010100000000000005,-0.010451689
2023-02-01,0.047,29.611061019190792,29.260507043505424,0.40763557294571495,30.741362480764533,4.799176249867594,-0.009000000000000008,-0.141215537
2023-03-01,0.044699999999999997,29.601649410349314,29.325550630429735,0.40147874279676804,30.745613846455953,4.8000718294101405,-0.010300000000000004,-0.174891206
2023-04-01,0.044800000000000006,29.591965679655839,29.342583003648627,0.40958217791957191,30.748725795945703,4.801448221866324,-0.014600000000000002,0.215958587
2023-05-01,0.046900000000000004,29.579596510060657,29.330145632073446,0.40839147252015068,30.748919592355698,4.803262298056572,-0.015699999999999999,0.162934742
2023-06-01,0.049800000000000004,29.570476477593846,29.302387270684754,0.38609963849510193,30.74667638795173,4.8053808815172285,-0.014100000000000001,0.204626505
2023-07-01,0.050999999999999997,29.560638106577141,29.231837792071868,0.35875544128396097,30.75573780000351,4.80853374057567,-0.013499999999999998,0.042364092
2023-08-01,0.050900000000000001,29.548379985877528,29.238883579298584,0.35338208846089064,30.75906088810952,4.812010438532687,-0.011299999999999998,0.098565093
2023-09-01,0.051500000000000004,29.538983966408257,29.185883817531966,0.31573693422371313,30.763917786572797,4.8139031774962175,-0.0094000000000000056,0.01343593
2023-10-01,0.051500000000000004,29.530733799364935,29.125435382087201,0.26481895227108454,30.76390301494858,4.814741091688656,-0.0053999999999999951,0.251422295
2023-11-01,0.050099999999999999,29.518659572856009,29.106395096685461,0.22164274757393015,30.76955966497309,4.815141183531041,-0.0076999999999999985,-0.056560712
2023-12-01,0.047199999999999999,29.508656821590126,29.089556461035286,0.18784226854911742,30.77047351085296,4.816531729174015,-0.012200000000000009,-0.206077633
2024-01-01,0.045700000000000005,29.497980446696374,29.051667983774635,0.15285710951560583,30.76363806995514,4.819769881250189,-0.011599999999999999,-0.040666761
2024-02-01,0.046900000000000004,29.488624581914941,29.043776439819744,0.13136667512608446,30.772163310003595,4.822906887368843,-0.010300000000000004,-0.107260094
2024-03-01,0.047599999999999996,29.478941337145574,29.02113727715787,0.11760379434104129,30.774404473006914,4.827188825093529,-0.010300000000000004,-0.063786111
2024-04-01,0.048899999999999999,29.468552986170042,28.983298072267061,0.11295758416151312,30.7736575017126,4.8289062246936405,-0.0069999999999999993,-0.178409692
2024-05-01,0.049100000000000005,29.456813216018812,28.975345107962841,0.11979706917649484,30.779684580668512,4.82998845069139,-0.0076999999999999916,-0.104570002
2024-06-01,0.0487,29.446368156519444,28.96772946403847,0.11212241475857092,30.7833198688165,4.830051447158223,-0.0093000000000000027,0.001455876
2024-07-01,0.046799999999999994,29.43927047649516,28.940995682996718,0.1089775487813954,30.782285701201488,4.832109791925669,-0.0095000000000000015,-0.061001547
2024-08-01,0.042500000000000003,29.433138629912865,28.926735392683433,0.091007307055059841,30.78954557962574,4.8337247340852,-0.011799999999999998,-0.008495966
2024-09-01,0.038699999999999998,29.426978801965848,28.903739683212638,0.09347201687898643,30.78947894275276,4.835761005997932,-0.009999999999999995,-0.066409247
2024-10-01,0.040300000000000002,29.420054205291649,28.882968401195434,0.081651223728937017,30.79075397631016,4.837683015690857,-0.0041000000000000064,-0.339019034
2024-11-01,0.041399999999999999,29.412412774670941,28.866637145408284,0.05339266359733276,30.790115912759347,4.839530073325732,-0.00059999999999999637,-0.198655883
2024-12-01,0.040500000000000001,29.406898631963298,28.858256800463039,0.050233301962148286,30.794217471303664,4.8423223741212995,0.0011999999999999997,-0.43939292
2025-01-01,0.040000000000000001,29.40188430403904,28.857485492121874,0.045041873178198383,30.78715890790148,4.846649611489711,0.0042000000000000023,-0.272400271
2025-02-01,0.040099999999999997,29.397560849286162,28.841853424182428,0.028328099516033291,30.791369814560834,4.849021051256705,0.0023000000000000104,-0.227568702
2025-03-01,0.039,29.391424669907707,28.908348133913837,0.049829070443633598,30.791677681310382,4.850485901674218,0.0008000000000000021,-0.00611337
2025-04-01,0.037999999999999999,29.385793069892987,28.883929828904716,0.041568267743505624,30.79593829330472,4.85240464143796,0.00070000000000000617,-0.061913004
2025-05-01,0.039199999999999999,29.382611589191932,28.860700582982112,0.045943561511355833,30.79820516400721,4.853377079375073,0.0016999999999999932,-0.173428658
2025-06-01,0.039,29.379181387079658,28.898139676632841,0.054809488276363567,30.80429721446866,4.856112250838293,0.0014999999999999944,-0.188359312
2025-07-01,0.039100000000000003,29.375791313406534,28.894296582035647,0.05560884806296143,30.80934633515976,4.858807727520388,0.0013999999999999915,-0.208270975
2025-08-01,0.037400000000000003,29.372073741580174,28.836636712988422,0.017046116606282614,30.809688180663986,4.863416776001441,0.0013999999999999985,-0.155649663
2025-09-01,0.035200000000000002,29.36914402114018,28.759923284889183,0.0078130099859007422,30.811541304147244,4.867178505029733,0.0020000000000000018,-0.289955753
2025-10-01,0.034799999999999998,29.364811831315158,28.714847954736005,0.0037449482625599943,30.80990614663795,4.869436101309327,0.0023999999999999994,-0.257347188
2025-11-01,0.035200000000000002,29.360860942871351,28.690819462034334,0.0022139525793465841,30.810021421485843,4.872142257261644,0.0030999999999999986,-0.201551391
2025-12-01,0.034099999999999998,29.357281318206095,28.71339840302171,0.0033839032118768517,30.81425167967812,4.875381681035507,0.0054999999999999979,-0.21049914
2026-01-01,0.033700000000000001,29.357208552352013,28.719969643845022,0.0010932978153043082,30.812918039738697,4.8768822740471425,0.0064000000000000029,-0.261892514
2026-02-01,0.033500000000000002,29.357797565244088,28.715986088130514,0.00092458502473180906,30.81893294132917,4.879022912925026,0.0052999999999999922,-0.259817995
2026-03-01,0.035200000000000002,29.355407918286151,28.735489587273346,0.00050373833129967172,30.817831636546924,4.887532935624964,0.0064000000000000029,-0.267309249
2026-04-01,0.035400000000000001,29.354518232490079,28.736156542910475,0.00050780368307404582,30.821552996320246,4.894818123370356,0.0071000000000000021,-0.20399087
2026-05-01,0.036299999999999999,29.35227491818565,28.756858888060453,0.0012970195959453657,30.819868023032274,4.8988484245098185,0.0088000000000000023,-0.378712568
2026-06-01,0.037400000000000003,29.350095952139075,28.737257804531396,0.0013763391495751098,30.819316192378327,4.896600746503358,0.0080999999999999961,-0.288627763
